{
    "name": "root",
    "metadata": {
        "timer_format_version": "0.1.0",
        "start_time_seconds": "1637872681",
        "python_version": "3.8.8 (default, Apr 13 2021, 12:59:45) \n[Clang 10.0.0 ]",
        "command_line_arguments": "/Users/tony/python-envs/unityml-env/bin/mlagents-learn config/SmartAgent.yaml --run-id 21",
        "mlagents_version": "0.27.0",
        "mlagents_envs_version": "0.27.0",
        "communication_protocol_version": "1.5.0",
        "pytorch_version": "1.8.1",
        "numpy_version": "1.21.2",
        "end_time_seconds": "1637872733"
    },
    "total": 51.925550682,
    "count": 1,
    "self": 0.005336364999998011,
    "children": {
        "run_training.setup": {
            "total": 0.043373687000000105,
            "count": 1,
            "self": 0.043373687000000105
        },
        "TrainerController.start_learning": {
            "total": 51.876840630000004,
            "count": 1,
            "self": 0.261489612000112,
            "children": {
                "TrainerController._reset_env": {
                    "total": 11.375657826,
                    "count": 1,
                    "self": 11.375657826
                },
                "TrainerController.advance": {
                    "total": 39.9887487849999,
                    "count": 2767,
                    "self": 0.033031095999888294,
                    "children": {
                        "env_step": {
                            "total": 39.95571768900001,
                            "count": 2767,
                            "self": 32.46082775000013,
                            "children": {
                                "SubprocessEnvManager._take_step": {
                                    "total": 7.459917231999913,
                                    "count": 2767,
                                    "self": 0.16951157899987557,
                                    "children": {
                                        "TorchPolicy.evaluate": {
                                            "total": 7.290405653000038,
                                            "count": 2767,
                                            "self": 0.9840119959999196,
                                            "children": {
                                                "TorchPolicy.sample_actions": {
                                                    "total": 6.306393657000118,
                                                    "count": 2767,
                                                    "self": 6.306393657000118
                                                }
                                            }
                                        }
                                    }
                                },
                                "workers": {
                                    "total": 0.03497270699997124,
                                    "count": 2766,
                                    "self": 0.0,
                                    "children": {
                                        "worker_root": {
                                            "total": 39.95457226799997,
                                            "count": 2766,
                                            "is_parallel": true,
                                            "self": 25.036153362000015,
                                            "children": {
                                                "steps_from_proto": {
                                                    "total": 0.0005341809999990232,
                                                    "count": 1,
                                                    "is_parallel": true,
                                                    "self": 0.0002218539999994107,
                                                    "children": {
                                                        "_process_rank_one_or_two_observation": {
                                                            "total": 0.00031232699999961255,
                                                            "count": 2,
                                                            "is_parallel": true,
                                                            "self": 0.00031232699999961255
                                                        }
                                                    }
                                                },
                                                "UnityEnvironment.step": {
                                                    "total": 14.917884724999956,
                                                    "count": 2766,
                                                    "is_parallel": true,
                                                    "self": 0.40545042300003864,
                                                    "children": {
                                                        "UnityEnvironment._generate_step_input": {
                                                            "total": 0.3368554740001244,
                                                            "count": 2766,
                                                            "is_parallel": true,
                                                            "self": 0.3368554740001244
                                                        },
                                                        "communicator.exchange": {
                                                            "total": 13.064032473999877,
                                                            "count": 2766,
                                                            "is_parallel": true,
                                                            "self": 13.064032473999877
                                                        },
                                                        "steps_from_proto": {
                                                            "total": 1.1115463539999162,
                                                            "count": 2766,
                                                            "is_parallel": true,
                                                            "self": 0.5351066849999899,
                                                            "children": {
                                                                "_process_rank_one_or_two_observation": {
                                                                    "total": 0.5764396689999263,
                                                                    "count": 5532,
                                                                    "is_parallel": true,
                                                                    "self": 0.5764396689999263
                                                                }
                                                            }
                                                        }
                                                    }
                                                }
                                            }
                                        }
                                    }
                                }
                            }
                        }
                    }
                },
                "trainer_threads": {
                    "total": 2.0889999994722075e-05,
                    "count": 1,
                    "self": 2.0889999994722075e-05,
                    "children": {
                        "thread_root": {
                            "total": 0.0,
                            "count": 0,
                            "is_parallel": true,
                            "self": 0.0,
                            "children": {
                                "trainer_advance": {
                                    "total": 40.194316323999935,