{"count":1,"self":4.7918728,"total":170.19059819999998,"children":{"InitializeActuators":{"count":12,"self":0.0019256999999999998,"total":0.0019256999999999998,"children":null},"InitializeSensors":{"count":12,"self":0.0009749,"total":0.0009749,"children":null},"AgentSendState":{"count":2684,"self":0.134677,"total":1.1879872999999999,"children":{"CollectObservations":{"count":32208,"self":0.1932614,"total":0.1932614,"children":null},"WriteActionMask":{"count":32208,"self":0.031209999999999998,"total":0.031209999999999998,"children":null},"RequestDecision":{"count":32208,"self":0.10012489999999999,"total":0.82883889999999993,"children":{"AgentInfo.ToProto":{"count":32208,"self":0.0907132,"total":0.728714,"children":{"GenerateSensorData":{"count":32208,"self":0.63800079999999992,"total":0.63800079999999992,"children":null}}}}}}},"DecideAction":{"count":2684,"self":150.4431488,"total":150.4431517,"children":null},"AgentAct":{"count":2684,"self":13.7598048,"total":13.7637091,"children":{"AgentInfo.ToProto":{"count":105,"self":0.0009758,"total":0.0039035,"children":{"GenerateSensorData":{"count":105,"self":0.0029276999999999997,"total":0.0029276999999999997,"children":null}}}}}},"gauges":{"Dummy.CumulativeReward":{"count":51,"max":8700,"min":-300,"runningAverage":3264.76465,"value":-300,"weightedAverage":3910.21436},"Buffer.CumulativeReward":{"count":54,"max":11340,"min":0,"runningAverage":3961.481,"value":6940,"weightedAverage":6182.783}},"metadata":{"timer_format_version":"0.1.0","start_time_seconds":"1638555292","unity_version":"2020.3.23f1","command_line_arguments":"C:\\Program Files\\Unity 2020.3.23f1\\Editor\\Unity.exe -projectPath C:\\Users\\Tony\\Documents\\Project\\Gamified Intelligence Measure","communication_protocol_version":"1.5.0","com.unity.ml-agents_version":"2.0.1","scene_name":"2D Training Set","end_time_seconds":"1638555462"}}