{
    "name": "root",
    "metadata": {
        "timer_format_version": "0.1.0",
        "start_time_seconds": "1637872761",
        "python_version": "3.8.8 (default, Apr 13 2021, 12:59:45) \n[Clang 10.0.0 ]",
        "command_line_arguments": "/Users/tony/python-envs/unityml-env/bin/mlagents-learn config/SmartAgent.yaml --run-id 22",
        "mlagents_version": "0.27.0",
        "mlagents_envs_version": "0.27.0",
        "communication_protocol_version": "1.5.0",
        "pytorch_version": "1.8.1",
        "numpy_version": "1.21.2",
        "end_time_seconds": "1637872785"
    },
    "total": 23.902165918,
    "count": 1,
    "self": 0.004848615000000223,
    "children": {
        "run_training.setup": {
            "total": 0.03487593599999994,
            "count": 1,
            "self": 0.03487593599999994
        },
        "TrainerController.start_learning": {
            "total": 23.862441367000002,
            "count": 1,
            "self": 0.1805515340000028,
            "children": {
                "TrainerController._reset_env": {
                    "total": 16.003979575000002,
                    "count": 1,
                    "self": 16.003979575000002
                },
                "TrainerController.advance": {
                    "total": 7.511382154999996,
                    "count": 551,
                    "self": 0.006387266000036362,
                    "children": {
                        "env_step": {
                            "total": 7.50499488899996,
                            "count": 551,
                            "self": 6.039353994999949,
                            "children": {
                                "SubprocessEnvManager._take_step": {
                                    "total": 1.4591294039999951,
                                    "count": 551,
                                    "self": 0.03241954000004199,
                                    "children": {
                                        "TorchPolicy.evaluate": {
                                            "total": 1.4267098639999531,
                                            "count": 551,
                                            "self": 0.19857746799997855,
                                            "children": {
                                                "TorchPolicy.sample_actions": {
                                                    "total": 1.2281323959999746,
                                                    "count": 551,
                                                    "self": 1.2281323959999746
                                                }
                                            }
                                        }
                                    }
                                },
                                "workers": {
                                    "total": 0.006511490000015385,
                                    "count": 550,
                                    "self": 0.0,
                                    "children": {
                                        "worker_root": {
                                            "total": 7.49279807100001,
                                            "count": 550,
                                            "is_parallel": true,
                                            "self": 3.5288631210000094,
                                            "children": {
                                                "steps_from_proto": {
                                                    "total": 0.0006036090000005601,
                                                    "count": 1,
                                                    "is_parallel": true,
                                                    "self": 0.00024083399999952348,
                                                    "children": {
                                                        "_process_rank_one_or_two_observation": {
                                                            "total": 0.0003627750000010366,
                                                            "count": 2,
                                                            "is_parallel": true,
                                                            "self": 0.0003627750000010366
                                                        }
                                                    }
                                                },
                                                "UnityEnvironment.step": {
                                                    "total": 3.963331341,
                                                    "count": 550,
                                                    "is_parallel": true,
                                                    "self": 0.07743215099993606,
                                                    "children": {
                                                        "UnityEnvironment._generate_step_input": {
                                                            "total": 0.06656802200001977,
                                                            "count": 550,
                                                            "is_parallel": true,
                                                            "self": 0.06656802200001977
                                                        },
                                                        "communicator.exchange": {
                                                            "total": 3.597810997,
                                                            "count": 550,
                                                            "is_parallel": true,
                                                            "self": 3.597810997
                                                        },
                                                        "steps_from_proto": {
                                                            "total": 0.22152017100004429,
                                                            "count": 550,
                                                            "is_parallel": true,
                                                            "self": 0.1059335469999958,
                                                            "children": {
                                                                "_process_rank_one_or_two_observation": {
                                                                    "total": 0.11558662400004849,
                                                                    "count": 1100,
                                                                    "is_parallel": true,
                                                                    "self": 0.11558662400004849
                                                                }
                                                            }
                                                        }
                                                    }
                                                }
                                            }
                                        }
                                    }
                                }
                            }
                        }
                    }
                },
                "trainer_threads": {
                    "total": 1.9670000000360233e-05,
                    "count": 1,
                    "self": 1.9670000000360233e-05,
                    "children": {
                        "thread_root": {
                            "total": 0.0,
                            "count": 0,
                            "is_parallel": true,
                            "self": 0.0,
                            "children": {
                                "trainer_advance": {
                                    "total": 7.6301440459997245,
                                    "count": 13564,