{
    "name": "root",
    "metadata": {
        "timer_format_version": "0.1.0",
        "start_time_seconds": "1637763216",
        "python_version": "3.8.8 (default, Apr 13 2021, 12:59:45) \n[Clang 10.0.0 ]",
        "command_line_arguments": "/Users/tony/python-envs/unityml-env/bin/mlagents-learn config/SmartAgent.yaml --run-id 12",
        "mlagents_version": "0.27.0",
        "mlagents_envs_version": "0.27.0",
        "communication_protocol_version": "1.5.0",
        "pytorch_version": "1.8.1",
        "numpy_version": "1.21.2",
        "end_time_seconds": "1637763228"
    },
    "total": 11.633880196000002,
    "count": 1,
    "self": 0.005047678000002165,
    "children": {
        "run_training.setup": {
            "total": 0.04455987800000005,
            "count": 1,
            "self": 0.04455987800000005
        },
        "TrainerController.start_learning": {
            "total": 11.58427264,
            "count": 1,
            "self": 0.003501046000010888,
            "children": {
                "TrainerController._reset_env": {
                    "total": 6.336458838,
                    "count": 1,
                    "self": 6.336458838
                },
                "TrainerController.advance": {
                    "total": 5.085556592999988,
                    "count": 167,
                    "self": 0.0030975209999901665,
                    "children": {
                        "env_step": {
                            "total": 4.661666813999998,
                            "count": 167,
                            "self": 4.421767670000003,
                            "children": {
                                "SubprocessEnvManager._take_step": {
                                    "total": 0.23793400899999906,
                                    "count": 167,
                                    "self": 0.009363505000000494,
                                    "children": {
                                        "TorchPolicy.evaluate": {
                                            "total": 0.22857050399999856,
                                            "count": 167,
                                            "self": 0.04245133300001047,
                                            "children": {
                                                "TorchPolicy.sample_actions": {
                                                    "total": 0.1861191709999881,
                                                    "count": 167,
                                                    "self": 0.1861191709999881
                                                }
                                            }
                                        }
                                    }
                                },
                                "workers": {
                                    "total": 0.0019651349999962875,
                                    "count": 166,
                                    "self": 0.0,
                                    "children": {
                                        "worker_root": {
                                            "total": 5.062790053000011,
                                            "count": 166,
                                            "is_parallel": true,
                                            "self": 0.8602727909999937,
                                            "children": {
                                                "steps_from_proto": {
                                                    "total": 0.0006640569999998291,
                                                    "count": 1,
                                                    "is_parallel": true,
                                                    "self": 0.0002946459999995099,
                                                    "children": {
                                                        "_process_rank_one_or_two_observation": {
                                                            "total": 0.00036941100000031923,
                                                            "count": 2,
                                                            "is_parallel": true,
                                                            "self": 0.00036941100000031923
                                                        }
                                                    }
                                                },
                                                "UnityEnvironment.step": {
                                                    "total": 4.201853205000018,
                                                    "count": 166,
                                                    "is_parallel": true,
                                                    "self": 0.02009575400002639,
                                                    "children": {
                                                        "UnityEnvironment._generate_step_input": {
                                                            "total": 0.024882037999998552,
                                                            "count": 166,
                                                            "is_parallel": true,
                                                            "self": 0.024882037999998552
                                                        },
                                                        "communicator.exchange": {
                                                            "total": 4.0984431369999905,
                                                            "count": 166,
                                                            "is_parallel": true,
                                                            "self": 4.0984431369999905
                                                        },
                                                        "steps_from_proto": {
                                                            "total": 0.058432276000002226,
                                                            "count": 166,
                                                            "is_parallel": true,
                                                            "self": 0.03399741800003131,
                                                            "children": {
                                                                "_process_rank_one_or_two_observation": {
                                                                    "total": 0.024434857999970916,
                                                                    "count": 332,
                                                                    "is_parallel": true,
                                                                    "self": 0.024434857999970916
                                                                }
                                                            }
                                                        }
                                                    }
                                                }
                                            }
                                        }
                                    }
                                }
                            }
                        },
                        "trainer_advance": {
                            "total": 0.42079225799999964,
                            "count": 166,
                            "self": 0.004312192000012871,
                            "children": {
                                "process_trajectory": {
                                    "total": 0.1687919809999885,
                                    "count": 166,
                                    "self": 0.1687919809999885
                                },
                                "_update_policy": {
                                    "total": 0.24768808499999828,